{
	"credit": "Made with Blockbench",
	"texture_size": [64, 64],
	"textures": {
		"2": "oritech:block/energy_pipe",
		"particle": "oritech:block/energy_pipe"
	},
	"elements": [
		{
			"name": "cable_junction_core",
			"from": [6, 6, 6],
			"to": [10, 10, 10],
			"faces": {
				"north": {"uv": [10, 6, 11, 7], "texture": "#2"},
				"east": {"uv": [10, 7, 11, 8], "texture": "#2"},
				"south": {"uv": [10, 8, 11, 9], "texture": "#2"},
				"west": {"uv": [1, 10.5, 2, 11.5], "texture": "#2"},
				"up": {"uv": [11.5, 2, 10.5, 1], "texture": "#2"},
				"down": {"uv": [11.5, 2, 10.5, 3], "texture": "#2"}
			}
		}
	],
	"display": {
		"thirdperson_righthand": {
			"rotation": [75, 45, 0],
			"translation": [0, 2.5, 0],
			"scale": [0.375, 0.375, 0.375]
		},
		"thirdperson_lefthand": {
			"rotation": [75, 45, 0],
			"translation": [0, 2.5, 0],
			"scale": [0.375, 0.375, 0.375]
		},
		"firstperson_righthand": {
			"rotation": [0, 45, 0],
			"scale": [0.4, 0.4, 0.4]
		},
		"firstperson_lefthand": {
			"rotation": [0, 225, 0],
			"scale": [0.4, 0.4, 0.4]
		},
		"ground": {
			"translation": [0, 3, 0],
			"scale": [0.25, 0.25, 0.25]
		},
		"gui": {
			"rotation": [30, 225, 0],
			"scale": [0.625, 0.625, 0.625]
		},
		"fixed": {
			"scale": [0.5, 0.5, 0.5]
		}
	}
}