{
	"format_version": "1.21.6",
	"credit": "Made with Blockbench",
	"texture_size": [64, 64],
	"textures": {
		"1": "oritech:block/fluid_pipe",
		"particle": "oritech:block/fluid_pipe"
	},
	"elements": [
		{
			"name": "straight",
			"from": [5, 5, 0],
			"to": [11, 11, 16],
			"faces": {
				"north": {"uv": [5, 2, 6.5, 3.5], "texture": "#1"},
				"east": {"uv": [0, 0, 4, 1.5], "texture": "#1"},
				"south": {"uv": [3, 5, 4.5, 6.5], "texture": "#1"},
				"west": {"uv": [4, 1.5, 0, 3], "texture": "#1"},
				"up": {"uv": [1.5, 7, 0, 3], "rotation": 180, "texture": "#1"},
				"down": {"uv": [0, 3, 1.5, 7], "rotation": 180, "texture": "#1"}
			}
		}
	],
	"display": {
		"thirdperson_righthand": {
			"rotation": [75, 45, 0],
			"translation": [0, 2.5, 0],
			"scale": [0.375, 0.375, 0.375]
		},
		"thirdperson_lefthand": {
			"rotation": [75, 45, 0],
			"translation": [0, 2.5, 0],
			"scale": [0.375, 0.375, 0.375]
		},
		"firstperson_righthand": {
			"rotation": [0, 45, 0],
			"scale": [0.4, 0.4, 0.4]
		},
		"firstperson_lefthand": {
			"rotation": [0, -135, 0],
			"scale": [0.4, 0.4, 0.4]
		},
		"ground": {
			"translation": [0, 3, 0],
			"scale": [0.25, 0.25, 0.25]
		},
		"gui": {
			"rotation": [30, -135, 0],
			"scale": [0.625, 0.625, 0.625]
		},
		"fixed": {
			"scale": [0.5, 0.5, 0.5]
		}
	}
}