{
	"format_version": "1.21.6",
	"credit": "Made with Blockbench",
	"texture_size": [32, 32],
	"textures": {
		"0": "oritech:block/item_pipe",
		"particle": "oritech:block/machine_particle_texture"
	},
	"elements": [
		{
			"name": "machine_interface",
			"from": [4, 4, -0.25],
			"to": [12, 12, 1.75],
			"faces": {
				"north": {"uv": [13.25, 5.25, 15.25, 7.25], "texture": "#0"},
				"east": {"uv": [13.25, 7.25, 13.75, 9.25], "texture": "#0"},
				"south": {"uv": [13.25, 5.25, 15.25, 7.25], "texture": "#0"},
				"west": {"uv": [13.25, 7.25, 13.75, 9.25], "texture": "#0"},
				"up": {"uv": [13.75, 7.25, 15.75, 7.75], "texture": "#0"},
				"down": {"uv": [13.75, 8, 15.75, 8.5], "rotation": 180, "texture": "#0"}
			}
		}
	]
}