{
	"format_version": "1.21.6",
	"credit": "Made with Blockbench",
	"texture_size": [32, 32],
	"textures": {
		"0": "oritech:block/item_pipe",
		"particle": "oritech:block/machine_particle_texture"
	},
	"elements": [
		{
			"name": "north",
			"from": [6, 6, 0],
			"to": [10, 10, 6],
			"faces": {
				"north": {"uv": [12, 5.25, 13.25, 6.5], "texture": "#0"},
				"east": {"uv": [13.25, 4, 12, 2.5], "rotation": 90, "texture": "#0"},
				"south": {"uv": [12, 5.25, 13.25, 6.5], "texture": "#0"},
				"west": {"uv": [13.25, 4, 12, 2.5], "rotation": 270, "texture": "#0"},
				"up": {"uv": [13.25, 4, 12, 2.5], "texture": "#0"},
				"down": {"uv": [13.25, 4, 12, 2.5], "rotation": 180, "texture": "#0"}
			}
		}
	]
}