{
	"format_version": "1.21.6",
	"credit": "Made with Blockbench",
	"texture_size": [32, 32],
	"textures": {
		"0": "oritech:block/item_pipe",
		"particle": "oritech:block/machine_particle_texture"
	},
	"elements": [
		{
			"name": "core",
			"from": [6, 6, 6],
			"to": [10, 10, 10],
			"faces": {
				"north": {"uv": [12, 4, 13.25, 5.25], "texture": "#0"},
				"east": {"uv": [12, 4, 13.25, 5.25], "texture": "#0"},
				"south": {"uv": [12, 4, 13.25, 5.25], "texture": "#0"},
				"west": {"uv": [12, 4, 13.25, 5.25], "texture": "#0"},
				"up": {"uv": [12, 4, 13.25, 5.25], "texture": "#0"},
				"down": {"uv": [12, 4, 13.25, 5.25], "texture": "#0"}
			}
		}
	]
}