{
	"format_version": "1.21.6",
	"credit": "Made with Blockbench",
	"texture_size": [32, 32],
	"textures": {
		"0": "oritech:block/item_pipe",
		"particle": "oritech:block/machine_particle_texture"
	},
	"elements": [
		{
			"name": "straight",
			"from": [6, 6, 0],
			"to": [10, 10, 16],
			"faces": {
				"north": {"uv": [12, 4, 13.25, 5.25], "texture": "#0"},
				"east": {"uv": [14.5, 4, 13.25, 0], "rotation": 90, "texture": "#0"},
				"south": {"uv": [12, 4, 13.25, 5.25], "texture": "#0"},
				"west": {"uv": [14.5, 4, 13.25, 0], "rotation": 270, "texture": "#0"},
				"up": {"uv": [13.25, 4, 12, 0], "texture": "#0"},
				"down": {"uv": [15.75, 4, 14.5, 0], "rotation": 180, "texture": "#0"}
			}
		}
	],
	"display": {
		"thirdperson_righthand": {
			"rotation": [75, 45, 0],
			"translation": [0, 2.5, 0],
			"scale": [0.375, 0.375, 0.375]
		},
		"thirdperson_lefthand": {
			"rotation": [75, 45, 0],
			"translation": [0, 2.5, 0],
			"scale": [0.375, 0.375, 0.375]
		},
		"firstperson_righthand": {
			"rotation": [0, 45, 0],
			"scale": [0.4, 0.4, 0.4]
		},
		"firstperson_lefthand": {
			"rotation": [0, -135, 0],
			"scale": [0.4, 0.4, 0.4]
		},
		"ground": {
			"translation": [0, 3, 0],
			"scale": [0.25, 0.25, 0.25]
		},
		"gui": {
			"rotation": [30, -135, 0],
			"scale": [0.625, 0.625, 0.625]
		},
		"fixed": {
			"scale": [0.5, 0.5, 0.5]
		}
	}
}