{
	"format_version": "1.21.6",
	"credit": "Made with Blockbench",
	"texture_size": [64, 64],
	"textures": {
		"0": "oritech:block/superconductor",
		"particle": "oritech:block/machine_particle_texture"
	},
	"elements": [
		{
			"name": "straight_frame",
			"from": [6, 3, 0],
			"to": [10, 4, 6],
			"rotation": {"angle": 0, "axis": "y", "origin": [8, 8, 2.5]},
			"faces": {
				"north": {"uv": [11.75, 1.75, 12.75, 2], "texture": "#0"},
				"east": {"uv": [11.5, 1, 13, 1.25], "texture": "#0"},
				"south": {"uv": [11.75, 2, 12.75, 2.25], "texture": "#0"},
				"west": {"uv": [11.5, 1.25, 13, 1.5], "texture": "#0"},
				"up": {"uv": [11, 9.5, 10, 8], "texture": "#0"},
				"down": {"uv": [10, 3, 11.5, 4], "rotation": 90, "texture": "#0"}
			}
		},
		{
			"name": "straight_frame",
			"from": [6, 12, 0],
			"to": [10, 13, 6],
			"rotation": {"angle": 0, "axis": "y", "origin": [8, 8, 2.5]},
			"faces": {
				"north": {"uv": [11.25, 11.5, 12.25, 11.75], "texture": "#0"},
				"east": {"uv": [6, 11.25, 7.5, 11.5], "texture": "#0"},
				"south": {"uv": [11.75, 1.5, 12.75, 1.75], "texture": "#0"},
				"west": {"uv": [7.5, 11.25, 9, 11.5], "texture": "#0"},
				"up": {"uv": [10, 3, 11.5, 4], "rotation": 90, "texture": "#0"},
				"down": {"uv": [11, 6.5, 10, 8], "texture": "#0"}
			}
		},
		{
			"name": "straight_frame",
			"from": [12, 6, 0],
			"to": [13, 10, 6],
			"rotation": {"angle": 0, "axis": "y", "origin": [8, 8, 2.5]},
			"faces": {
				"north": {"uv": [8.75, 11.5, 9, 12.5], "texture": "#0"},
				"east": {"uv": [10, 3, 11.5, 4], "texture": "#0"},
				"south": {"uv": [11, 11.5, 11.25, 12.5], "texture": "#0"},
				"west": {"uv": [10, 4, 11.5, 5], "texture": "#0"},
				"up": {"uv": [5.75, 12.75, 5.5, 11.25], "texture": "#0"},
				"down": {"uv": [6, 11.25, 5.75, 12.75], "texture": "#0"}
			}
		},
		{
			"name": "straight_frame",
			"from": [3, 6, 0],
			"to": [4, 10, 6],
			"rotation": {"angle": 0, "axis": "y", "origin": [8, 8, 2.5]},
			"faces": {
				"north": {"uv": [8.25, 11.5, 8.5, 12.5], "texture": "#0"},
				"east": {"uv": [10, 1, 11.5, 2], "texture": "#0"},
				"south": {"uv": [8.5, 11.5, 8.75, 12.5], "texture": "#0"},
				"west": {"uv": [10, 2, 11.5, 3], "texture": "#0"},
				"up": {"uv": [5.25, 12.75, 5, 11.25], "texture": "#0"},
				"down": {"uv": [5.5, 11.25, 5.25, 12.75], "texture": "#0"}
			}
		},
		{
			"name": "inner_straight",
			"from": [4, 4, 0],
			"to": [12, 12, 4],
			"rotation": {"angle": 0, "axis": "y", "origin": [8, 8, 2.5]},
			"faces": {
				"north": {"uv": [4, 7, 6, 9], "texture": "#0"},
				"east": {"uv": [9, 9, 8, 11], "texture": "#0"},
				"south": {"uv": [6, 7, 8, 9], "texture": "#0"},
				"west": {"uv": [8, 9, 9, 11], "texture": "#0"},
				"up": {"uv": [2, 11.25, 0, 10.25], "texture": "#0"},
				"down": {"uv": [0, 10.25, 2, 11.25], "texture": "#0"}
			}
		}
	],
	"display": {
		"thirdperson_righthand": {
			"rotation": [75, 45, 0],
			"translation": [0, 2.5, 0],
			"scale": [0.375, 0.375, 0.375]
		},
		"thirdperson_lefthand": {
			"rotation": [75, 45, 0],
			"translation": [0, 2.5, 0],
			"scale": [0.375, 0.375, 0.375]
		},
		"firstperson_righthand": {
			"rotation": [0, 45, 0],
			"scale": [0.4, 0.4, 0.4]
		},
		"firstperson_lefthand": {
			"rotation": [0, -135, 0],
			"scale": [0.4, 0.4, 0.4]
		},
		"ground": {
			"translation": [0, 3, 0],
			"scale": [0.25, 0.25, 0.25]
		},
		"gui": {
			"rotation": [30, -135, 0],
			"scale": [0.625, 0.625, 0.625]
		},
		"fixed": {
			"scale": [0.5, 0.5, 0.5]
		}
	}
}