{
	"format_version": "1.21.6",
	"credit": "Made with Blockbench",
	"texture_size": [64, 64],
	"textures": {
		"0": "oritech:block/superconductor",
		"particle": "oritech:block/machine_particle_texture"
	},
	"elements": [
		{
			"name": "inner_straight",
			"from": [4, 4, 0],
			"to": [12, 12, 16],
			"rotation": {"angle": 0, "axis": "y", "origin": [4, 4, 0]},
			"faces": {
				"north": {"uv": [2, 4, 4, 6], "texture": "#0"},
				"east": {"uv": [0, 0, 4, 2], "texture": "#0"},
				"south": {"uv": [4, 4, 6, 6], "texture": "#0"},
				"west": {"uv": [4, 0, 0, 2], "texture": "#0"},
				"up": {"uv": [0, 8, 2, 4], "texture": "#0"},
				"down": {"uv": [6, 0, 4, 4], "texture": "#0"}
			}
		},
		{
			"name": "straight_frame",
			"from": [3, 6, 0],
			"to": [4, 10, 16],
			"rotation": {"angle": 0, "axis": "y", "origin": [2, 7, 0]},
			"faces": {
				"north": {"uv": [11.5, 1.5, 11.75, 2.5], "texture": "#0"},
				"east": {"uv": [6, 0, 10, 1], "texture": "#0"},
				"south": {"uv": [11.5, 2.5, 11.75, 3.5], "texture": "#0"},
				"west": {"uv": [6, 6, 2, 7], "texture": "#0"},
				"up": {"uv": [0.25, 15, 0, 11], "texture": "#0"},
				"down": {"uv": [0.5, 11, 0.25, 15], "texture": "#0"}
			}
		},
		{
			"name": "straight_frame",
			"from": [12, 6, 0],
			"to": [13, 10, 16],
			"rotation": {"angle": 0, "axis": "y", "origin": [11, 7, 0]},
			"faces": {
				"north": {"uv": [11.5, 3.5, 11.75, 4.5], "texture": "#0"},
				"east": {"uv": [2, 6, 6, 7], "texture": "#0"},
				"south": {"uv": [6, 11.5, 6.25, 12.5], "texture": "#0"},
				"west": {"uv": [6, 2, 10, 3], "texture": "#0"},
				"up": {"uv": [0.75, 15, 0.5, 11], "texture": "#0"},
				"down": {"uv": [1, 11, 0.75, 15], "texture": "#0"}
			}
		},
		{
			"name": "straight_frame",
			"from": [6, 12, 0],
			"to": [10, 13, 16],
			"rotation": {"angle": 0, "axis": "y", "origin": [8, 13, 0]},
			"faces": {
				"north": {"uv": [11.5, 4.5, 12.5, 4.75], "texture": "#0"},
				"east": {"uv": [1, 11, 5, 11.25], "texture": "#0"},
				"south": {"uv": [11.5, 4.75, 12.5, 5], "texture": "#0"},
				"west": {"uv": [5, 11, 9, 11.25], "texture": "#0"},
				"up": {"uv": [6, 6, 2, 7], "rotation": 90, "texture": "#0"},
				"down": {"uv": [3, 7, 2, 11], "texture": "#0"}
			}
		},
		{
			"name": "straight_frame",
			"from": [6, 3, 0],
			"to": [10, 4, 16],
			"rotation": {"angle": 0, "axis": "y", "origin": [8, 4, 0]},
			"faces": {
				"north": {"uv": [6.25, 11.5, 7.25, 11.75], "texture": "#0"},
				"east": {"uv": [11, 5, 15, 5.25], "texture": "#0"},
				"south": {"uv": [7.25, 11.5, 8.25, 11.75], "texture": "#0"},
				"west": {"uv": [11, 5.25, 15, 5.5], "texture": "#0"},
				"up": {"uv": [4, 11, 3, 7], "texture": "#0"},
				"down": {"uv": [2, 6, 6, 7], "rotation": 90, "texture": "#0"}
			}
		}
	],
	"display": {
		"thirdperson_righthand": {
			"rotation": [75, 45, 0],
			"translation": [0, 2.5, 0],
			"scale": [0.375, 0.375, 0.375]
		},
		"thirdperson_lefthand": {
			"rotation": [75, 45, 0],
			"translation": [0, 2.5, 0],
			"scale": [0.375, 0.375, 0.375]
		},
		"firstperson_righthand": {
			"rotation": [0, 45, 0],
			"scale": [0.4, 0.4, 0.4]
		},
		"firstperson_lefthand": {
			"rotation": [0, -135, 0],
			"scale": [0.4, 0.4, 0.4]
		},
		"ground": {
			"translation": [0, 3, 0],
			"scale": [0.25, 0.25, 0.25]
		},
		"gui": {
			"rotation": [30, -135, 0],
			"scale": [0.625, 0.625, 0.625]
		},
		"fixed": {
			"scale": [0.5, 0.5, 0.5]
		}
	},
	"groups": [
		{
			"name": "straight",
			"origin": [8, 4, 0],
			"color": 0,
			"children": [0, 1, 2, 3, 4]
		}
	]
}