{
	"format_version": "1.21.6",
	"credit": "Made with Blockbench",
	"texture_size": [32, 32],
	"textures": {
		"1": "oritech:block/transparent_item_pipe",
		"particle": "oritech:block/machine_particle_texture"
	},
	"elements": [
		{
			"name": "straight",
			"from": [5, 5, 0],
			"to": [11, 11, 16],
			"rotation": {"angle": 0, "axis": "y", "origin": [8, 8, 8]},
			"faces": {
				"north": {"uv": [6, 0, 10, 4], "texture": "#1"},
				"east": {"uv": [5.75, 14.25, 10, 16], "texture": "#1"},
				"south": {"uv": [6, 0, 10, 4], "texture": "#1"},
				"west": {"uv": [5.75, 14.25, 10, 16], "texture": "#1"},
				"up": {"uv": [5.75, 14.25, 10, 16], "rotation": 90, "texture": "#1"},
				"down": {"uv": [5.75, 14.25, 10, 16], "rotation": 90, "texture": "#1"}
			}
		}
	],
	"display": {
		"thirdperson_righthand": {
			"rotation": [75, 45, 0],
			"translation": [0, 2.5, 0],
			"scale": [0.375, 0.375, 0.375]
		},
		"thirdperson_lefthand": {
			"rotation": [75, 45, 0],
			"translation": [0, 2.5, 0],
			"scale": [0.375, 0.375, 0.375]
		},
		"firstperson_righthand": {
			"rotation": [0, 45, 0],
			"scale": [0.4, 0.4, 0.4]
		},
		"firstperson_lefthand": {
			"rotation": [0, -135, 0],
			"scale": [0.4, 0.4, 0.4]
		},
		"ground": {
			"translation": [0, 3, 0],
			"scale": [0.25, 0.25, 0.25]
		},
		"gui": {
			"rotation": [30, -135, 0],
			"scale": [0.625, 0.625, 0.625]
		},
		"fixed": {
			"scale": [0.5, 0.5, 0.5]
		}
	}
}