{
	"format_version": "1.21.6",
	"credit": "Made with Blockbench",
	"texture_size": [64, 64],
	"textures": {
		"1": "oritech:block/fluid_pipe",
		"particle": "oritech:block/fluid_pipe"
	},
	"elements": [
		{
			"name": "north",
			"from": [5, 5, 0],
			"to": [11, 11, 5],
			"faces": {
				"north": {"uv": [6.5, 3, 8, 4.5], "texture": "#1"},
				"east": {"uv": [6, 6.5, 7.25, 8], "texture": "#1"},
				"south": {"uv": [4.5, 6.5, 6, 8], "texture": "#1"},
				"west": {"uv": [0, 7, 1.25, 8.5], "texture": "#1"},
				"up": {"uv": [2.75, 8.25, 1.25, 7], "texture": "#1"},
				"down": {"uv": [8.75, 6.5, 7.25, 7.75], "texture": "#1"}
			}
		},
		{
			"from": [4, 5, 0],
			"to": [5, 11, 1],
			"rotation": {"angle": 0, "axis": "y", "origin": [8, 8, 8]},
			"faces": {
				"north": {"uv": [1.5, 3, 3, 3.25], "rotation": 270, "texture": "#1"},
				"south": {"uv": [1.5, 3, 3, 3.25], "rotation": 270, "texture": "#1"},
				"west": {"uv": [1.5, 3, 3, 3.25], "rotation": 270, "texture": "#1"},
				"up": {"uv": [1.75, 3, 2, 3.25], "rotation": 180, "texture": "#1"},
				"down": {"uv": [1.75, 3, 2, 3.25], "rotation": 180, "texture": "#1"}
			}
		},
		{
			"from": [5, 11, 0],
			"to": [11, 12, 1],
			"rotation": {"angle": 0, "axis": "z", "origin": [8, 8, 8]},
			"faces": {
				"north": {"uv": [1.5, 3, 3, 3.25], "rotation": 180, "texture": "#1"},
				"east": {"uv": [1.75, 3, 2, 3.25], "rotation": 270, "texture": "#1"},
				"south": {"uv": [1.5, 3, 3, 3.25], "texture": "#1"},
				"west": {"uv": [1.75, 3, 2, 3.25], "rotation": 270, "texture": "#1"},
				"up": {"uv": [1.5, 3, 3, 3.25], "texture": "#1"}
			}
		},
		{
			"from": [5, 4, 0],
			"to": [11, 5, 1],
			"rotation": {"angle": 0, "axis": "z", "origin": [8, 8, 8]},
			"faces": {
				"north": {"uv": [1.5, 3, 3, 3.25], "texture": "#1"},
				"east": {"uv": [1.75, 3, 2, 3.25], "rotation": 90, "texture": "#1"},
				"south": {"uv": [1.5, 3, 3, 3.25], "rotation": 180, "texture": "#1"},
				"west": {"uv": [1.75, 3, 2, 3.25], "rotation": 90, "texture": "#1"},
				"down": {"uv": [1.5, 3, 3, 3.25], "rotation": 180, "texture": "#1"}
			}
		},
		{
			"from": [11, 5, 0],
			"to": [12, 11, 1],
			"rotation": {"angle": 0, "axis": "z", "origin": [8, 8, 8]},
			"faces": {
				"north": {"uv": [1.5, 3, 3, 3.25], "rotation": 90, "texture": "#1"},
				"east": {"uv": [1.5, 3, 3, 3.25], "rotation": 90, "texture": "#1"},
				"south": {"uv": [1.5, 3, 3, 3.25], "rotation": 90, "texture": "#1"},
				"up": {"uv": [1.75, 3, 2, 3.25], "texture": "#1"},
				"down": {"uv": [1.75, 3, 2, 3.25], "texture": "#1"}
			}
		}
	],
	"display": {
		"thirdperson_righthand": {
			"rotation": [75, 45, 0],
			"translation": [0, 2.5, 0],
			"scale": [0.375, 0.375, 0.375]
		},
		"thirdperson_lefthand": {
			"rotation": [75, 45, 0],
			"translation": [0, 2.5, 0],
			"scale": [0.375, 0.375, 0.375]
		},
		"firstperson_righthand": {
			"rotation": [0, 45, 0],
			"scale": [0.4, 0.4, 0.4]
		},
		"firstperson_lefthand": {
			"rotation": [0, -135, 0],
			"scale": [0.4, 0.4, 0.4]
		},
		"ground": {
			"translation": [0, 3, 0],
			"scale": [0.25, 0.25, 0.25]
		},
		"gui": {
			"rotation": [30, -135, 0],
			"scale": [0.625, 0.625, 0.625]
		},
		"fixed": {
			"scale": [0.5, 0.5, 0.5]
		}
	}
}