{
    "cobblemon.move.alluringvoice": "Alluring Voice",
    "cobblemon.move.alluringvoice.desc": "The user attacks the target using its angelic voice. This also confuses the target if its stats have been boosted during the turn.",
    "cobblemon.move.temperflare": "Temper Flame",
    "cobblemon.move.temperflare.desc": "Spurred by desperation, the user attacks the target. This move's power is doubled if the user's previous move failed.",
    "cobblemon.move.supercellslam": "Supercell Slam",
    "cobblemon.move.supercellslam.desc": "The user electrifies its body and drops onto the target to inflict damage. If this move misses, the user takes damage instead.",
    "cobblemon.move.hardpress": "Hard Press",
    "cobblemon.move.hardpress.desc": "The target is crushed with an arm, a claw, or the like to inflict damage. The more HP the target has left, the greater the move's power.",
    "cobblemon.move.upperhand": "Upper Hand",
    "cobblemon.move.upperhand.desc": "The user reacts to the target's movement and strikes with the heel of its palm, making the target flinch. This move fails if the target is not readying a priority move.",
    "cobblemon.move.psychicnoise": "Psychic Noise",
    "cobblemon.move.psychicnoise.desc": "The user attacks the target with unpleasant sound waves. For two turns, the target is prevented from recovering HP through moves, Abilities, or held items.",
    "cobblemon.move.electroshot": "Electro Shot",
    "cobblemon.move.electroshot.desc": "The user gathers electricity on the first turn, boosting its Sp. Atk stat, then fires a high-voltage shot on the next turn. The shot will be fired immediately in rain.",
    "cobblemon.move.syrupbomb": "Syrup Bomb",
    "cobblemon.move.syrupbomb.desc": "The user sets off an explosion of sticky candy syrup, which coats the target and causes the target's Speed stat to drop each turn for three turns.",
    "cobblemon.move.zdragondance": "Z-Dragon Dance",
    "cobblemon.move.zdragondance.desc": "The user vigorously performs a mystic, powerful dance that resets all lowered stats and raises its Attack and Speed stats.",
    "cobblemon.move.bloodmoon": "Blood Moon",
    "cobblemon.move.bloodmoon.desc": "The user unleashes the full brunt of its spirit from a full moon that shines as red as blood. This move can't be used twice in a row.",
    "cobblemon.move.hydrosteam": "Hydro Steam",
    "cobblemon.move.hydrosteam.desc": "The user blasts the target with boiling-hot water. This move's power is not lowered in harsh sunlight but rather boosted by 50 percent.",
    "cobblemon.move.psyblade": "Psyblade",
    "cobblemon.move.psyblade.desc": "The user rends the target with an ethereal blade. This move's power is boosted by 50 percent if the user is on Electric Terrain.",
    "cobblemon.move.matchagotcha": "Matcha Gotcha",
    "cobblemon.move.matchagotcha.desc": "The user fires a blast of tea that it mixed. The user's HP is restored by up to half the damage taken by the target. This may also leave the target with a burn.",
    "cobblemon.move.ivycudgel": "Ivy Cudgel",
    "cobblemon.move.ivycudgel.desc": "The user strikes with an ivy-wrapped cudgel. This move's type changes depending on the mask worn by the user, and it has a heightened chance of landing a critcal hit.",
    "cobblemon.move.ficklebeam": "Fickle Beam",
    "cobblemon.move.ficklebeam.desc": "The user shoots a beam of light to inflict damage. Sometimes all the user's heads shoot beams in unison, doubling the moves's power.",
    "cobblemon.move.burningbulwark": "Burning Bulwark",
    "cobblemon.move.burningbulwark.desc": "The user's intensely hot fur protects it from attacks and also burns any attacker that makes direct contact with it.",
    "cobblemon.move.thunderclap": "Thunderclap",
    "cobblemon.move.thunderclap.desc": "This move enables the user to attack first with a jolt of electricity. This move fails if the target is not readying an attack.",
    "cobblemon.move.mightycleave": "Mighty Cleave",
    "cobblemon.move.mightycleave.desc": "The user wields the light that has accumulated atop its head to cleave the target. This move hits even if the target protects itself.",
    "cobblemon.move.tachyoncutter": "Tachyon Cutter",
    "cobblemon.move.tachyoncutter.desc": "The user attacks by launching particle blades at the target twice in a row. This attack never misses.",
    "cobblemon.move.terastarstorm": "Tera Starstorm",
    "cobblemon.move.terastarstorm.desc": "With the power of its crystals, the user bombards and eliminates the target. When used by Terapagos in its Stellar Form, this move damages all opposing Pokémon.",
    "cobblemon.move.dragoncheer": "Dragon Cheer",
    "cobblemon.move.dragoncheer.desc": "The user raises its allies’ morale with a draconic cry so that their future attacks have a heightened chance of landing critical hits. This rouses Dragon types more.",
    "cobblemon.move.gmaxdrumsolo": "G-Max Drum Solo",
    "cobblemon.move.gmaxdrumsolo.desc": "A Grass-type attack that Gigantamax Rillaboom use. This move can be used on the target regardless of its Abilities.",
    "cobblemon.move.paleowave": "Paleo Wave",
    "cobblemon.move.paleowave.desc": "Has a 20% chance to lower the target's Attack one stage.",
    "cobblemon.move.shadowstrike": "Shadow Strike",
    "cobblemon.move.shadowstrike.desc": "Has a 50% chance to lower the target's Defense by 1 stage.",
    "cobblemon.move.multiroleblast": "Multi-Role Blast",
    "cobblemon.move.multiroleblast.desc": "Using its role to its advantage, the user unleashes a unique blast of psychic energy upon the target. When used by any variant of Partner Mew, this move has varying secondary effects depending on the user’s variant, including stat boosts, health recovery, or raising the user’s chances for future critical hits. This move has a heightened chance of landing a critical hit and, when used by any variant of Partner Mew, ignores the target’s evasiveness and is able to hit Dark-types.",
    "cobblemon.move.pollenhurricane": "Pollen Hurricane",
    "cobblemon.move.pollenhurricane.desc": "The user releases a hurricane of corrosive and explosive pollen upon opposing Pokémon. This move may poison or badly poison opposing Pokémon, has a heightened chance of landing a critical hit, and is super effective on Fire- and Steel-types.",
    "cobblemon.move.blueflameslash": "Blue-Flame Slash",
    "cobblemon.move.blueflameslash.desc": "The user rakes the target with claws ignited with scorching blue flames capable of melting boulders. This move lowers the target’s Defense, may leave the target with a burn, has a heightened chance of landing a critical hit, and is super effective against Water- and Rock-types.",
    "cobblemon.move.blueflameblast": "Blue-Flame Blast",
    "cobblemon.move.blueflameblast.desc": "The target is scorched with a blast of blue flames hot enough to melt boulders. This move lowers the target’s Sp. Def, may leave the target with a burn, has a heightened chance of landing a critical hit, and is super effective on Water- and Rock-types.",
    "cobblemon.move.jetcannon": "Jet Cannon",
    "cobblemon.move.jetcannon.desc": "The target is blasted with water fired with enough pressure to punch straight through thick steel. This move breaks through barriers, has a heightened chance of landing a critical hit, and is super effective on Grass- and Steel-types. This move hits even if the target protects itself.",
    "cobblemon.move.fragrantstorm": "Fragrant Storm",
    "cobblemon.move.fragrantstorm.desc": "The user releases a fragrant aroma that reduces the fighting spirits of opposing Pokémon. This move’s aroma heals allies of their status conditions and may harshly lower either the offensive or defensive stats of opposing Pokémon. This move can still hit opponents behind a Substitute.",
    "cobblemon.move.explosivecrash": "Explosive Crash",
    "cobblemon.move.explosivecrash.desc": "The user rubs its fur together and explodes on the opposing Pokémon. The explosion destroys the terrain and may leave opposing Pokémon burned. If used under harsh sunlight, the move leaves opponents burned and is super effective on Water-types. This move can’t be used twice in a row.",
    "cobblemon.move.jawroll": "Jaw Roll",
    "cobblemon.move.jawroll.desc": "The user charges and clamps down on the target hard using its mighty jaws. This move ignores the target’s defensive stat changes, traps them on the field for a few turns, lowers their defensive stats, and may cause them to flinch.",
    "cobblemon.move.jungleclash": "Jungle Clash",
    "cobblemon.move.jungleclash.desc": "The user attacks the target with full-force using the power of the forest. This move may raise the user’s Sp. Atk and Speed, and may lower the target’s Defense and Sp. Def. If this move is used under Grassy Terrain, this move scores a critical hit and may also cause the target to flinch.",
    "cobblemon.move.blazingbeatdown": "Blazing Beatdown",
    "cobblemon.move.blazingbeatdown.desc": "The user mercilessly pummels the target using flame-cloaked martial arts. This move may burn or cause the target to flinch. It may also raise the user’s Attack. The more HP the target has, the greater the power of this move.",
    "cobblemon.move.murkwaterslam": "Murkwater Slam",
    "cobblemon.move.murkwaterslam.desc": "The user slams into the target with an arm covered in murky water. This move may lower the target’s Defense or accuracy. It may also make the target flinch. This move is super effective on Electric-types and does more damage if there’s a sandstorm active on the battlefield.",
    "cobblemon.move.treeboundshellslam": "Treebound Shell Slam",
    "cobblemon.move.treeboundshellslam.desc": "The user charges forward and slams into the target shell-first. A successful use of this move may raise the user’s Attack or Defense. It may also harshly lower the target’s Defense. However, if the move misses, the user takes some damage instead. This attack uses either the user’s Attack or Defense stat to calculate damage, whichever is higher.",
    "cobblemon.move.infernalflurry": "Infernal Flurry",
    "cobblemon.move.infernalflurry.desc": "The user continuously strikes the target with a flurry of fiery blows. This move hits four times in a row, and each hit may burn the target or lower their Defense. Additionally, each strike may make the target flinch.",
    "cobblemon.move.emperorstidalwave": "Emperor’s Tidal Wave",
    "cobblemon.move.emperorstidalwave.desc": "The user attacks the opposing Pokémon with a huge tidal wave. This move may raise the user’s defensive stats and may lower the defensive stats of the opposing Pokémon. The sheer might of the wave also allows it to ignore the Abilities of opposing Pokémon.",
    "cobblemon.move.forestlordswrath": "Forest Lord’s Wrath",
    "cobblemon.move.forestlordswrath.desc": "The user glares at the target, then unleashes their full wrath upon them. This move ignores the target’s evasiveness and uses either the target’s Defense or Sp. Defense to calculate damage, whichever is lower. The user also recovers HP equal to half the damage dealt, but their defensive stats can fall due to the move’s recoil, with the chances changing depending on their Ability.",
    "cobblemon.move.blazingsumosmash": "Blazing Sumo Smash",
    "cobblemon.move.blazingsumosmash.desc": "The user envelopes themselves in fire from its chin and slams the opponent onto the ground. The lower the user’s HP is, the greater the move’s power. This move may leave the target burned and may raise the user’s Attack and Speed.",
    "cobblemon.move.seamitarslice": "Seamitar Slice",
    "cobblemon.move.seamitarslice.desc": "The user hacks the target with both of its seamitars. This move ignores the target’s defensive stat changes, hits twice in a row and may lower the target’s Defense or Sp. Def on each strike. If the target is behind a Substitute, the Substitute is destroyed immediately on the first strike, even if it still has HP remaining.",
    "cobblemon.move.thornyretaliation": "Thorny Retaliation",
    "cobblemon.move.thornyretaliation.desc": "The user enters a defensive stance at the start of the turn, then strikes the target in retaliation using one of its spiky arms. While the user is in its defensive stance, incoming attacks on it are less effective. If the user is hit while in its defensive stance, the move’s power is doubled. This attack may harshly lower the target’s Defense or make them flinch. It may also raise the user’s Attack and Defense.",
    "cobblemon.move.oracleflame": "Oracle Flame",
    "cobblemon.move.oracleflame.desc": "The user razes the ground around the target to determine future events. This move lowers the target’s Sp. Def and may leave them with a burn or confused. Additionally, two turns after this move is used, the user’s prediction comes true, causing the target to take more damage and harshly lowering one of their stats at random. This second instance of damage also ignores Substitutes, as well as evasiveness and Abilities.",
    "cobblemon.move.aquaticninjaarts": "Aquatic Ninja Arts",
    "cobblemon.move.aquaticninjaarts.desc": "The user vanishes into thin air and continuously attacks the target with shuriken from various points. This move never misses and hits three to five times in a row. Each hit has an individual chance to lower the target’s Defense or Sp. Def, and may additionally cause them to flinch. This move always goes first and additionally ignores Substitutes.",
    "cobblemon.move.starlightwish": "Starlight Wish",
    "cobblemon.move.starlightwish.desc": "The user, Partner Jirachi, makes a wish and uses its power to grant it. The wish the user grants, as well as the effects the move will have, is completely random each time the move is used, however the effects are always beneficial for the user and their allies. This move never misses. While making its wish, the user is immune to the secondary effects of the moves of other Pokémon. This move can’t be used twice in a row.",
    "cobblemon.move.gmaxmeteorshower": "G-Max Meteor Shower",
    "cobblemon.move.gmaxmeteorshower.desc": "A Steel-type attack that Gigantamax Jirachi use. On the next turn after using this move, concentrated bundles of light strike all opposing Pokémon, ignoring their evasiveness and Abilities, and both the user and their allies recover HP equal to half of their HP.",

    "cobblemon.battle.prepare.electroshot": "%1$s absorbed electricity!",
    "cobblemon.battle.start.syrupbomb": "%1$s got covered in sticky candy syrup!",
    "cobblemon.battle.start.protosynthesisspa": "%1$s's Special Attack was heightened!",
    "cobblemon.battle.start.protosynthesisatk": "%1$s's Attack was heightened!",
    "cobblemon.battle.start.protosynthesisdef": "%1$s's Defense was heightened!",
    "cobblemon.battle.start.protosynthesisspd": "%1$s's Special Defense was heightened!",
    "cobblemon.battle.start.protosynthesisspe": "%1$s's Speed was heightened!",
    "cobblemon.battle.start.oracleflame": "%1$s used the flames to foresee a future event!",

    "cobblemon.battle.activate.ficklebeam": "%1$s is going all out for this attack!",
    "cobblemon.battle.activate.terashift": "%1$s transformed!",
    "cobblemon.battle.activate.wanderingspirit": "%1$s swapped Abilites with %2$s!",
    "cobblemon.battle.activate.supremeoverlord": "%1$s gained strength from the fallen!",
    "cobblemon.battle.activate.cudchew": "%1$s regurgitated its Berry!",
    "cobblemon.battle.activate.starlightwish": "%1$s is making a wish!",
    "cobblemon.battle.activate.thornyretaliation": "%1$s takes up a defensive posture!",

    "cobblemon.battle.sidestart.starlightwish": "The effects of Starlight Wish raises %1$s team's morale, boosting their power!",
    "cobblemon.battle.sideend.starlightwish": "%1$s team's morale has returned to normal.",

    "cobblemon.battle.fieldactivate.deltastream": "The mysterious strong winds weakened the attack!",

    "cobblemon.battle.detailschange.terastal": " ",
    "cobblemon.battle.detailschange.busted": " ",
    "cobblemon.battle.detailschange.mega-y": "%1$s is reacting to the Key Stone!",
    "cobblemon.battle.detailschange.mega-x": "%1$s is reacting to the Key Stone!",

    "cobblemon.battle.end.neutralizinggas": "",
    "cobblemon.battle.end.starlightwish": "%1$s wish was granted!",
    "cobblemon.battle.end.oracleflame": "%1$s was blasted by Oracle Flame!",

    "cobblemon.battle.lose": "%1$s has no more Pokémon that can fight!",

    "cobblemon.battle.enditem.weaknesspolicy": "%1$s used its Weakness Policy!",
    "cobblemon.battle.enditem.blunderpolicy": "%1$s used its Blunder Policy!",
    "cobblemon.battle.enditem.throatspray": "The Throat Spray boosted %1$s's Sp. Attack!",

    "cobblemon.battle.enditem.habanberry": "The Haban Berry weakened the damage to %1$s!",
    "cobblemon.battle.enditem.wacanberry": "The Wacan Berry weakened the damage to %1$s!",
    "cobblemon.battle.enditem.occaberry": "The Occa Berry weakened the damage to %1$s!",
    "cobblemon.battle.enditem.passhonberry": "The Passho Berry weakened the damage to %1$s!",
    "cobblemon.battle.enditem.rindoberry": "The Rindo Berry weakened the damage to %1$s!",
    "cobblemon.battle.enditem.yacheberry": "The Yache Berry weakened the damage to %1$s!",
    "cobblemon.battle.enditem.chopleberry": "The Chople Berry weakened the damage to %1$s!",
    "cobblemon.battle.enditem.kebiaberry": "The Kebia Berry weakened the damage to %1$s!",
    "cobblemon.battle.enditem.shucaberry": "The Shuca Berry weakened the damage to %1$s!",
    "cobblemon.battle.enditem.cobaberry": "The Coba Berry weakened the damage to %1$s!",
    "cobblemon.battle.enditem.payapaberry": "The Payapa Berry weakened the damage to %1$s!",
    "cobblemon.battle.enditem.tangaberry": "The Tanga Berry weakened the damage to %1$s!",
    "cobblemon.battle.enditem.chartiberry": "The Charti Berry weakened the damage to %1$s!",
    "cobblemon.battle.enditem.kasibberry": "The Kasib Berry weakened the damage to %1$s!",
    "cobblemon.battle.enditem.colburberry": "The Colbur Berry weakened the damage to %1$s!",
    "cobblemon.battle.enditem.babiriberry": "The Babiri Berry weakened the damage to %1$s!",
    "cobblemon.battle.enditem.chilanberry": "The Chilan Berry weakened the damage to %1$s!",
    "cobblemon.battle.enditem.roseliberry": "The Roseli Berry weakened the damage to %1$s!",
    "cobblemon.battle.enditem.custapberry": "%1$s can move faster than normal, thanks to its Custap Berry!",
    "cobblemon.battle.enditem.absorbbulb": "The Absorb Bulb boosted %1$s's Sp. Atk!",

    "cobblemon.battle.damage.rowapberry": "%1$s was hurt by %2$s's Rowap Berry!",
    "cobblemon.battle.damage.jabocaberry": "%1$s was hurt by %2$s's Jaboca Berry!",
    "cobblemon.battle.damage.innardsout": "%1$s was hurt!",
    "cobblemon.battle.damage.solarpower": "%1$s was hurt!",

    "cobblemon.battle.fail.allyswitch": "But it failed!",
    "cobblemon.battle.fail.starlightwish": "Unfortunately, %1$s can't use this move!",
    "cobblemon.battle.fail.sunnyday": "There is no relief from this harsh weather!",
    "cobblemon.battle.fail.raindance": "There is no relief from this harsh weather!",
    "cobblemon.battle.fail.sandstorm": "There is no relief from this harsh weather!",
    "cobblemon.battle.fail.hail": "There is no relief from this harsh weather!",
    "cobblemon.battle.fail.snowscape": "There is no relief from this harsh weather!",
    "cobblemon.battle.fail.chillyreception": "There is no relief from this harsh weather!",
    "cobblemon.battle.fail.shadowsky": "There is no relief from this harsh weather!",

    "cobblemon.battle.fail.armorcannon": "The Fire-type attack fizzled out in the heavy rain!",
    "cobblemon.battle.fail.bitterblade": "The Fire-type attack fizzled out in the heavy rain!",
    "cobblemon.battle.fail.blastburn": "The Fire-type attack fizzled out in the heavy rain!",
    "cobblemon.battle.fail.blazekick": "The Fire-type attack fizzled out in the heavy rain!",
    "cobblemon.battle.fail.blazingbeatdown": "The Fire-type attack fizzled out in the heavy rain!",
    "cobblemon.battle.fail.blazingsumosmash": "The Fire-type attack fizzled out in the heavy rain!",
    "cobblemon.battle.fail.blazingtorque": "The Fire-type attack fizzled out in the heavy rain!",
    "cobblemon.battle.fail.blueflameslash": "The Fire-type attack fizzled out in the heavy rain!",
    "cobblemon.battle.fail.blueflameblast": "The Fire-type attack fizzled out in the heavy rain!",
    "cobblemon.battle.fail.blueflare": "The Fire-type attack fizzled out in the heavy rain!",
    "cobblemon.battle.fail.burnup": "The Fire-type attack fizzled out in the heavy rain!",
    "cobblemon.battle.fail.burningbulwark": "The Fire-type attack fizzled out in the heavy rain!",
    "cobblemon.battle.fail.burningjealousy": "The Fire-type attack fizzled out in the heavy rain!",
    "cobblemon.battle.fail.ember": "The Fire-type attack fizzled out in the heavy rain!",
    "cobblemon.battle.fail.eruption": "The Fire-type attack fizzled out in the heavy rain!",
    "cobblemon.battle.fail.explosivecrash": "The Fire-type attack fizzled out in the heavy rain!",
    "cobblemon.battle.fail.fierydance": "The Fire-type attack fizzled out in the heavy rain!",
    "cobblemon.battle.fail.fireblast": "The Fire-type attack fizzled out in the heavy rain!",
    "cobblemon.battle.fail.firefang": "The Fire-type attack fizzled out in the heavy rain!",
    "cobblemon.battle.fail.firelash": "The Fire-type attack fizzled out in the heavy rain!",
    "cobblemon.battle.fail.firepledge": "The Fire-type attack fizzled out in the heavy rain!",
    "cobblemon.battle.fail.firepunch": "The Fire-type attack fizzled out in the heavy rain!",
    "cobblemon.battle.fail.firespin": "The Fire-type attack fizzled out in the heavy rain!",
    "cobblemon.battle.fail.flameburst": "The Fire-type attack fizzled out in the heavy rain!",
    "cobblemon.battle.fail.flamecharge": "The Fire-type attack fizzled out in the heavy rain!",
    "cobblemon.battle.fail.flamewheel": "The Fire-type attack fizzled out in the heavy rain!",
    "cobblemon.battle.fail.flamethrower": "The Fire-type attack fizzled out in the heavy rain!",
    "cobblemon.battle.fail.flareblitz": "The Fire-type attack fizzled out in the heavy rain!",
    "cobblemon.battle.fail.fusionflare": "The Fire-type attack fizzled out in the heavy rain!",
    "cobblemon.battle.fail.gmaxcentriferno": "The Fire-type attack fizzled out in the heavy rain!",
    "cobblemon.battle.fail.gmaxfireball": "The Fire-type attack fizzled out in the heavy rain!",
    "cobblemon.battle.fail.gmaxwildfire": "The Fire-type attack fizzled out in the heavy rain!",
    "cobblemon.battle.fail.heatcrash": "The Fire-type attack fizzled out in the heavy rain!",
    "cobblemon.battle.fail.heatwave": "The Fire-type attack fizzled out in the heavy rain!",
    "cobblemon.battle.fail.incinerate": "The Fire-type attack fizzled out in the heavy rain!",
    "cobblemon.battle.fail.infernalflurry": "The Fire-type attack fizzled out in the heavy rain!",
    "cobblemon.battle.fail.inferno": "The Fire-type attack fizzled out in the heavy rain!",
    "cobblemon.battle.fail.infernooverdrive": "The Fire-type attack fizzled out in the heavy rain!",
    "cobblemon.battle.fail.lavaplume": "The Fire-type attack fizzled out in the heavy rain!",
    "cobblemon.battle.fail.magmastorm": "The Fire-type attack fizzled out in the heavy rain!",
    "cobblemon.battle.fail.maxflare": "The Fire-type attack fizzled out in the heavy rain!",
    "cobblemon.battle.fail.mindblown": "The Fire-type attack fizzled out in the heavy rain!",
    "cobblemon.battle.fail.mysticalfire": "The Fire-type attack fizzled out in the heavy rain!",
    "cobblemon.battle.fail.oracleflame": "The Fire-type attack fizzled out in the heavy rain!",
    "cobblemon.battle.fail.overheat": "The Fire-type attack fizzled out in the heavy rain!",
    "cobblemon.battle.fail.pyroball": "The Fire-type attack fizzled out in the heavy rain!",
    "cobblemon.battle.fail.ragingfury": "The Fire-type attack fizzled out in the heavy rain!",
    "cobblemon.battle.fail.sacredfire": "The Fire-type attack fizzled out in the heavy rain!",
    "cobblemon.battle.fail.searingshot": "The Fire-type attack fizzled out in the heavy rain!",
    "cobblemon.battle.fail.shelltrap": "The Fire-type attack fizzled out in the heavy rain!",
    "cobblemon.battle.fail.sizzlyslide": "The Fire-type attack fizzled out in the heavy rain!",
    "cobblemon.battle.fail.temperflare": "The Fire-type attack fizzled out in the heavy rain!",
    "cobblemon.battle.fail.torchsong": "The Fire-type attack fizzled out in the heavy rain!",
    "cobblemon.battle.fail.vcreate": "The Fire-type attack fizzled out in the heavy rain!",
    "cobblemon.battle.fail.willowisp": "The Fire-type attack fizzled out in the heavy rain!",

    "cobblemon.battle.fail.aquacutter": "The Water-type attack evaporated in the harsh sunlight!",
    "cobblemon.battle.fail.aquajet": "The Water-type attack evaporated in the harsh sunlight!",
    "cobblemon.battle.fail.aquaring": "The Water-type attack evaporated in the harsh sunlight!",
    "cobblemon.battle.fail.aquastep": "The Water-type attack evaporated in the harsh sunlight!",
    "cobblemon.battle.fail.aquatail": "The Water-type attack evaporated in the harsh sunlight!",
    "cobblemon.battle.fail.aquaticninjaarts": "The Water-type attack evaporated in the harsh sunlight!",
    "cobblemon.battle.fail.bouncybubble": "The Water-type attack evaporated in the harsh sunlight!",
    "cobblemon.battle.fail.brine": "The Water-type attack evaporated in the harsh sunlight!",
    "cobblemon.battle.fail.bubble": "The Water-type attack evaporated in the harsh sunlight!",
    "cobblemon.battle.fail.bubblebeam": "The Water-type attack evaporated in the harsh sunlight!",
    "cobblemon.battle.fail.chillingwater": "The Water-type attack evaporated in the harsh sunlight!",
    "cobblemon.battle.fail.clamp": "The Water-type attack evaporated in the harsh sunlight!",
    "cobblemon.battle.fail.crabhammer": "The Water-type attack evaporated in the harsh sunlight!",
    "cobblemon.battle.fail.dive": "The Water-type attack evaporated in the harsh sunlight!",
    "cobblemon.battle.fail.emperorstidalwave": "The Water-type attack evaporated in the harsh sunlight!",
    "cobblemon.battle.fail.fishiousrend": "The Water-type attack evaporated in the harsh sunlight!",
    "cobblemon.battle.fail.flipturn": "The Water-type attack evaporated in the harsh sunlight!",
    "cobblemon.battle.fail.gmaxcannonade": "The Water-type attack evaporated in the harsh sunlight!",
    "cobblemon.battle.fail.gmaxfoamburst": "The Water-type attack evaporated in the harsh sunlight!",
    "cobblemon.battle.fail.gmaxhydrosnipe": "The Water-type attack evaporated in the harsh sunlight!",
    "cobblemon.battle.fail.gmaxrapidflow": "The Water-type attack evaporated in the harsh sunlight!",
    "cobblemon.battle.fail.gmaxstonesurge": "The Water-type attack evaporated in the harsh sunlight!",
    "cobblemon.battle.fail.hydrocannon": "The Water-type attack evaporated in the harsh sunlight!",
    "cobblemon.battle.fail.hydropump": "The Water-type attack evaporated in the harsh sunlight!",
    "cobblemon.battle.fail.hydrostream": "The Water-type attack evaporated in the harsh sunlight!",
    "cobblemon.battle.fail.hydrovortex": "The Water-type attack evaporated in the harsh sunlight!",
    "cobblemon.battle.fail.jawroll": "The Water-type attack evaporated in the harsh sunlight!",
    "cobblemon.battle.fail.jetcannon": "The Water-type attack evaporated in the harsh sunlight!",
    "cobblemon.battle.fail.jetpunch": "The Water-type attack evaporated in the harsh sunlight!",
    "cobblemon.battle.fail.lifedew": "The Water-type attack evaporated in the harsh sunlight!",
    "cobblemon.battle.fail.liquidation": "The Water-type attack evaporated in the harsh sunlight!",
    "cobblemon.battle.fail.maxgeyser": "The Water-type attack evaporated in the harsh sunlight!",
    "cobblemon.battle.fail.muddywater": "The Water-type attack evaporated in the harsh sunlight!",
    "cobblemon.battle.fail.murkwaterslam": "The Water-type attack evaporated in the harsh sunlight!",
    "cobblemon.battle.fail.oceanicoperetta": "The Water-type attack evaporated in the harsh sunlight!",
    "cobblemon.battle.fail.octazooka": "The Water-type attack evaporated in the harsh sunlight!",
    "cobblemon.battle.fail.originpulse": "The Water-type attack evaporated in the harsh sunlight!",
    "cobblemon.battle.fail.razorshell": "The Water-type attack evaporated in the harsh sunlight!",
    "cobblemon.battle.fail.scald": "The Water-type attack evaporated in the harsh sunlight!",
    "cobblemon.battle.fail.seamitarslice": "The Water-type attack evaporated in the harsh sunlight!",
    "cobblemon.battle.fail.snipeshot": "The Water-type attack evaporated in the harsh sunlight!",
    "cobblemon.battle.fail.soak": "The Water-type attack evaporated in the harsh sunlight!",
    "cobblemon.battle.fail.sparklingaria": "The Water-type attack evaporated in the harsh sunlight!",
    "cobblemon.battle.fail.splishysplash": "The Water-type attack evaporated in the harsh sunlight!",
    "cobblemon.battle.fail.steameruption": "The Water-type attack evaporated in the harsh sunlight!",
    "cobblemon.battle.fail.surf": "The Water-type attack evaporated in the harsh sunlight!",
    "cobblemon.battle.fail.surgingstrikes": "The Water-type attack evaporated in the harsh sunlight!",
    "cobblemon.battle.fail.tripledive": "The Water-type attack evaporated in the harsh sunlight!",
    "cobblemon.battle.fail.watergun": "The Water-type attack evaporated in the harsh sunlight!",
    "cobblemon.battle.fail.waterpledge": "The Water-type attack evaporated in the harsh sunlight!",
    "cobblemon.battle.fail.watersport": "The Water-type attack evaporated in the harsh sunlight!",
    "cobblemon.battle.fail.waterspout": "The Water-type attack evaporated in the harsh sunlight!",
    "cobblemon.battle.fail.waterfall": "The Water-type attack evaporated in the harsh sunlight!",
    "cobblemon.battle.fail.wavecrash": "The Water-type attack evaporated in the harsh sunlight!",
    "cobblemon.battle.fail.whirlpool": "The Water-type attack evaporated in the harsh sunlight!",
    "cobblemon.battle.fail.withdraw": "The Water-type attack evaporated in the harsh sunlight!",

    "cobblemon.battle.weather.deltastream.start": "Mysterious strong winds are protecting Flying-type Pokémon!",
    "cobblemon.battle.weather.deltastream.end": "The mysterious strong winds have dissipated!",
    "cobblemon.battle.weather.deltastream.upkeep": "A mysterious strong wind blows across the battlefield!",
    "cobblemon.battle.weather.primordialsea.start": "A heavy rain began to fall!",
    "cobblemon.battle.weather.primordialsea.end": "The heavy rain has lifted.",
    "cobblemon.battle.weather.primordialsea.upkeep": "Heavy rain continues to fall.",
    "cobblemon.battle.weather.desolateland.start": "The sunlight turned extremely harsh!",
    "cobblemon.battle.weather.desolateland.end": "The harsh sunlight faded.",
    "cobblemon.battle.weather.desolateland.upkeep": "The sunlight is harsh."
}